{"cameraMode":{"drawMode":0,"name":"Shaded","section":"Shading Mode"},"sceneLighting":true,"audioPlay":false,"sceneViewState":{"m_AlwaysRefresh":false,"showFog":true,"showSkybox":true,"showFlares":true,"showImageEffects":true,"showParticleSystems":true,"showVisualEffectGraphs":true,"m_FxEnabled":true},"in2DMode":false,"pivot":{"x":3.2145118713378908,"y":0.6257004737854004,"z":-12.342244148254395},"rotation":{"x":0.0439167320728302,"y":-0.21644678711891175,"z":0.009745987132191658,"w":0.9752600193023682},"size":17.040151596069337,"orthographic":true}