{"cameraMode":{"drawMode":0,"name":"Shaded","section":"Shading Mode"},"sceneLighting":true,"audioPlay":false,"sceneViewState":{"m_AlwaysRefresh":false,"showFog":true,"showSkybox":true,"showFlares":true,"showImageEffects":true,"showParticleSystems":true,"showVisualEffectGraphs":true,"m_FxEnabled":true},"in2DMode":false,"pivot":{"x":3.2145118713378908,"y":0.6257004737854004,"z":-12.342244148254395},"rotation":{"x":0.20194528996944428,"y":-0.7026376128196716,"z":0.2196633368730545,"w":0.6459638476371765},"size":17.49857521057129,"orthographic":true}