{"cameraMode":{"drawMode":0,"name":"Shaded","section":"Shading Mode"},"sceneLighting":true,"audioPlay":false,"sceneViewState":{"m_AlwaysRefresh":false,"showFog":true,"showSkybox":true,"showFlares":true,"showImageEffects":true,"showParticleSystems":true,"showVisualEffectGraphs":true,"m_FxEnabled":true},"in2DMode":false,"pivot":{"x":0.7924747467041016,"y":-0.08822250366210938,"z":-0.7034549713134766},"rotation":{"x":-0.08390460163354874,"y":0.9058319926261902,"z":-0.21334637701511384,"w":-0.35624513030052187},"size":10.465225219726563,"orthographic":false}